latency_0,latency_1,latency_2,latency_3,latency_4,ms
6,6,6,6,6,89.982
6,6,6,6,1,89.77099999999999
6,6,6,1,6,89.757
6,1,6,6,6,89.629
6,6,1,6,6,89.57600000000001
6,6,6,1,1,89.41600000000001
6,1,6,1,6,89.38900000000001
6,6,1,6,1,89.362
6,1,6,6,1,89.26599999999999
6,6,1,1,6,89.245
1,6,6,6,6,89.18900000000001
6,1,6,1,1,89.066
6,1,1,6,6,89.062
6,6,1,1,1,89.037
1,6,6,6,1,88.89099999999999
1,6,6,1,6,88.87700000000001
1,1,6,6,6,88.83
6,1,1,1,6,88.80499999999999
6,1,1,6,1,88.798
1,6,1,6,6,88.787
1,6,1,6,1,88.541
1,6,6,1,1,88.53300000000002
1,1,6,1,6,88.511
1,1,6,6,1,88.50999999999999
6,1,1,1,1,88.506
1,6,1,1,6,88.46900000000001
1,1,1,6,6,88.45
1,6,1,1,1,88.22299999999998
1,1,1,1,6,88.202
1,1,6,1,1,88.183
1,1,1,6,1,88.172
1,1,1,1,1,87.77099999999999
11,11,11,11,11,109.624
11,1,11,11,11,108.558
11,11,1,11,11,108.48699999999998
1,11,11,11,11,107.369
11,1,1,11,11,107.127
11,11,11,11,1,105.09500000000001
11,11,11,1,11,104.97099999999999
11,11,1,11,1,104.01400000000001
11,1,11,11,1,103.97400000000002
11,1,11,1,11,103.968
11,11,1,1,11,103.709
1,1,11,11,11,102.823
1,11,1,11,11,102.72499999999998
11,1,1,11,1,102.607
11,1,1,1,11,102.54599999999999
1,11,11,11,1,102.54299999999999
1,11,11,1,11,102.17699999999999
11,11,11,1,1,100.36
11,1,11,1,1,99.42399999999999
11,11,1,1,1,99.285
11,1,1,1,1,98.018
1,1,1,11,11,97.967
1,11,1,11,1,97.79899999999998
1,1,11,11,1,97.71300000000001
1,1,11,1,11,97.703
1,11,1,1,11,97.33800000000001
1,11,11,1,1,97.167
1,1,1,11,1,93.065
1,1,1,1,11,92.833
1,1,11,1,1,92.619
1,11,1,1,1,92.55700000000002
11,6,11,11,11,108.91499999999999
11,11,6,11,11,108.79499999999999
6,11,11,11,11,108.58999999999999
11,6,6,11,11,107.844
11,1,6,11,11,107.524
11,6,1,11,11,107.486
11,11,11,11,6,105.396
11,11,11,6,11,105.318
11,11,6,11,6,104.644
11,6,11,6,11,104.643
11,6,11,11,6,104.613
11,11,6,6,11,104.492
11,1,11,11,6,104.325
11,6,11,1,11,104.30799999999999
11,11,6,11,1,104.30399999999999
11,1,11,6,11,104.28699999999999
11,11,1,11,6,104.277
11,6,11,11,1,104.26599999999999
6,6,11,11,11,104.224
11,11,1,6,11,104.112
11,11,6,1,11,104.088
6,11,6,11,11,104.074
6,11,11,11,6,103.83099999999999
6,1,11,11,11,103.76599999999999
6,11,1,11,11,103.722
11,6,6,11,6,103.696
6,11,11,6,11,103.672
6,11,11,11,1,103.59599999999999
11,6,6,6,11,103.59100000000001
6,11,11,1,11,103.396
11,6,6,11,1,103.354
11,6,1,11,6,103.35
11,1,6,11,6,103.29
11,6,1,6,11,103.27699999999999
11,1,6,6,11,103.26400000000001
11,6,6,1,11,103.255
1,6,11,11,11,103.17800000000001
11,6,1,11,1,103.06499999999998
1,11,6,11,11,103.034
11,1,6,11,1,103.032
11,1,1,11,6,102.979
11,1,6,1,11,102.945
11,6,1,1,11,102.867
11,1,1,6,11,102.866
1,11,11,11,6,102.791
1,11,11,6,11,102.613
11,11,11,6,6,101.116
11,11,11,6,1,100.812
11,11,11,1,6,100.78399999999999
11,6,11,6,6,100.41600000000001
11,11,6,6,6,100.33399999999999
11,1,11,6,6,100.148
11,6,11,1,6,100.12499999999999
11,6,11,6,1,100.10100000000001
11,11,1,6,6,100.014
11,11,6,6,1,100.00099999999999
11,11,6,1,6,99.93199999999999
11,1,11,1,6,99.775
11,11,1,6,1,99.71199999999999
11,1,11,6,1,99.68100000000001
11,6,11,1,1,99.678
11,11,1,1,6,99.626
11,11,6,1,1,99.588
6,6,6,11,11,99.58
11,6,6,6,6,99.441
6,6,11,11,6,99.433
6,11,6,11,6,99.40599999999999
6,6,11,6,11,99.292
6,11,6,11,1,99.17999999999999
6,1,6,11,11,99.177
6,6,1,11,11,99.173
6,11,6,6,11,99.12899999999999
11,1,6,6,6,99.101
11,6,1,6,6,99.08600000000001
6,6,11,1,11,99.07100000000001
11,6,6,6,1,99.06
11,6,6,1,6,99.047
6,6,11,11,1,99.039
6,11,1,11,6,99.009
6,1,11,6,11,98.964
6,1,11,11,6,98.94
6,11,11,6,6,98.85199999999999
6,11,6,1,11,98.815
11,1,6,1,6,98.78099999999999
11,6,1,6,1,98.775
6,11,1,11,1,98.753
11,6,1,1,6,98.74000000000001
1,6,6,11,11,98.735
11,1,6,6,1,98.732
6,1,1,11,11,98.719
11,1,1,6,6,98.70799999999998
11,6,6,1,1,98.69600000000001
6,1,11,1,11,98.64200000000001
6,11,1,6,11,98.625
6,1,11,11,1,98.622
6,11,11,6,1,98.556
6,11,11,1,6,98.49900000000001
1,11,6,11,6,98.49
11,6,1,1,1,98.43299999999999
1,6,11,11,6,98.427
1,6,11,6,11,98.422
11,1,6,1,1,98.40700000000001
1,1,6,11,11,98.36600000000001
11,1,1,6,1,98.36399999999999
6,11,1,1,11,98.316
11,1,1,1,6,98.30799999999999
6,11,11,1,1,98.303
1,6,1,11,11,98.3
1,11,6,11,1,98.179
1,6,11,11,1,98.13900000000001
1,11,6,6,11,98.11
1,11,1,11,6,98.095
1,1,11,11,6,98.023
1,6,11,1,11,97.969
1,11,11,6,6,97.913
1,1,11,6,11,97.886
1,11,1,6,11,97.725
1,11,6,1,11,97.716
1,11,11,6,1,97.548
1,11,11,1,6,97.474
6,6,6,11,6,94.96199999999999
6,6,6,6,11,94.831
6,6,6,11,1,94.649
6,6,11,6,6,94.562
6,6,1,11,6,94.49499999999999
6,11,6,6,6,94.435
6,1,6,11,6,94.40700000000001
6,6,6,1,11,94.401
6,1,6,6,11,94.38199999999999
6,6,1,11,1,94.301
6,6,11,6,1,94.25699999999999
6,6,1,6,11,94.24499999999999
6,6,11,1,6,94.209
6,11,6,6,1,94.19
6,1,6,11,1,94.157
6,11,6,1,6,94.128
6,1,11,6,6,94.097
6,1,1,11,6,94.069
1,6,6,11,6,94.04899999999999
6,1,6,1,11,94.03999999999999
6,11,1,6,6,93.987
6,6,11,1,1,93.96000000000001
6,6,1,1,11,93.959
6,1,1,6,11,93.91
1,6,6,6,11,93.901
6,11,6,1,1,93.879
6,1,11,1,6,93.876
6,1,1,11,1,93.874
6,1,11,6,1,93.834
1,6,6,11,1,93.781
1,6,1,11,6,93.749
6,11,1,6,1,93.738
6,11,1,1,6,93.706
1,1,6,11,6,93.686
1,6,11,6,6,93.641
1,1,6,6,11,93.64
6,1,1,1,11,93.634
6,1,11,1,1,93.587
1,11,6,6,6,93.527
1,6,6,1,11,93.506
6,11,1,1,1,93.496
1,6,1,6,11,93.45
1,6,1,11,1,93.44100000000002
1,1,6,11,1,93.347
1,1,1,11,6,93.34400000000001
1,1,11,6,6,93.32399999999998
1,11,6,6,1,93.298
1,6,11,6,1,93.291
1,11,1,6,6,93.25
1,6,11,1,6,93.249
1,1,6,1,11,93.22599999999998
1,1,1,6,11,93.181
1,6,1,1,11,93.13099999999999
1,11,6,1,6,93.116
1,1,11,6,1,92.96900000000001
1,6,11,1,1,92.945
1,11,1,6,1,92.912
1,11,6,1,1,92.89
1,1,11,1,6,92.86999999999999
1,11,1,1,6,92.85600000000001
15,15,15,15,15,128.086
15,1,15,15,15,126.45200000000001
15,15,1,15,15,126.331
1,15,15,15,15,125.15899999999999
15,1,1,15,15,124.264
15,15,15,15,1,119.54499999999999
15,15,15,1,15,119.24600000000001
15,15,1,15,1,117.764
15,1,15,1,15,117.745
15,1,15,15,1,117.67899999999999
15,15,1,1,15,117.33500000000001
1,1,15,15,15,116.201
1,15,1,15,15,116.06
1,15,15,15,1,115.83500000000001
15,1,1,15,1,115.64600000000002
15,1,1,1,15,115.42099999999999
1,15,15,1,15,115.37700000000001
15,15,15,1,1,110.659
15,1,15,1,1,109.07399999999998
15,15,1,1,1,108.96199999999999
15,1,1,1,1,106.872
1,1,1,15,15,106.83099999999999
1,15,1,15,1,106.82
1,1,15,15,1,106.486
1,1,15,1,15,106.44699999999999
1,15,1,1,15,106.03999999999998
1,15,15,1,1,105.754
1,1,1,15,1,97.66300000000001
1,1,1,1,15,97.21800000000002
1,1,15,1,1,96.93
1,15,1,1,1,96.825
11,11,11,11,11,109.624
11,1,11,11,11,108.558
11,11,1,11,11,108.48699999999998
1,11,11,11,11,107.369
11,1,1,11,11,107.127
11,11,11,11,1,105.09500000000001
11,11,11,1,11,104.97099999999999
11,11,1,11,1,104.01400000000001
11,1,11,11,1,103.97400000000002
11,1,11,1,11,103.968
11,11,1,1,11,103.709
1,1,11,11,11,102.823
1,11,1,11,11,102.72499999999998
11,1,1,11,1,102.607
11,1,1,1,11,102.54599999999999
1,11,11,11,1,102.54299999999999
1,11,11,1,11,102.17699999999999
11,11,11,1,1,100.36
11,1,11,1,1,99.42399999999999
11,11,1,1,1,99.285
11,1,1,1,1,98.018
1,1,1,11,11,97.967
1,11,1,11,1,97.79899999999998
1,1,11,11,1,97.71300000000001
1,1,11,1,11,97.703
1,11,1,1,11,97.33800000000001
1,11,11,1,1,97.167
1,1,1,11,1,93.065
1,1,1,1,11,92.833
1,1,11,1,1,92.619
1,11,1,1,1,92.55700000000002
15,11,15,15,15,127.48199999999999
15,15,11,15,15,127.42
11,15,15,15,15,127.40899999999999
15,11,11,15,15,126.62400000000001
15,1,11,15,15,125.55
15,11,1,15,15,125.50799999999998
15,15,15,15,11,124.113
15,15,15,11,15,124.067
15,11,15,15,11,123.48200000000001
15,11,15,11,15,123.464
15,15,11,15,11,123.42999999999999
15,15,11,11,15,123.386
11,11,15,15,15,123.11
11,15,11,15,15,123.01100000000001
11,15,15,15,11,122.846
11,15,15,11,15,122.71600000000001
15,11,11,15,11,122.7
15,11,11,11,15,122.628
15,1,15,11,15,122.45
15,1,15,15,11,122.401
15,15,1,15,11,122.38199999999999
15,15,1,11,15,122.2
11,1,15,15,15,122.052
11,15,1,15,15,121.959
15,1,11,15,11,121.575
15,1,11,11,15,121.483
15,11,1,15,11,121.474
15,11,1,11,15,121.38300000000001
1,11,15,15,15,120.93900000000001
1,15,11,15,15,120.85
1,15,15,15,11,120.804
1,15,15,11,15,120.604
15,1,1,15,11,120.29299999999999
15,1,1,11,15,120.19200000000001
15,15,15,11,11,120.07300000000001
15,11,15,11,11,119.42999999999999
15,15,11,11,11,119.35600000000001
15,15,11,15,1,118.866
15,11,15,15,1,118.833
15,11,15,1,15,118.746
11,11,11,15,15,118.71900000000001
15,11,11,11,11,118.63799999999999
11,11,15,11,15,118.63600000000001
11,15,11,15,11,118.608
11,11,15,15,11,118.56299999999999
15,15,11,1,15,118.471
15,1,15,11,11,118.41300000000001
11,15,11,11,15,118.408
11,15,15,15,1,118.309
15,15,1,11,11,118.26299999999999
15,11,11,15,1,118.11999999999999
11,15,15,11,11,118.104
11,15,15,1,15,118.01599999999999
15,11,11,1,15,117.89
11,1,11,15,15,117.587
11,11,1,15,15,117.56099999999999
11,1,15,11,15,117.513
15,1,11,11,11,117.50000000000001
11,15,1,15,11,117.497
11,1,15,15,11,117.47300000000001
15,11,1,11,11,117.453
11,15,1,11,15,117.18299999999999
15,11,1,15,1,116.997
15,1,11,15,1,116.90100000000001
15,1,11,1,15,116.789
15,11,1,1,15,116.68299999999999
1,11,11,15,15,116.514
1,15,11,15,11,116.43599999999999
1,11,15,15,11,116.38900000000001
1,11,15,11,15,116.355
11,1,1,15,15,116.2
1,15,11,11,15,116.19099999999999
1,15,15,11,11,116.129
15,1,1,11,11,116.12800000000001
15,15,15,11,1,115.406
15,15,15,1,11,115.383
15,15,11,11,1,114.871
15,11,15,11,1,114.803
15,11,15,1,11,114.795
15,15,11,1,11,114.565
11,11,11,15,11,114.228
11,11,11,11,15,114.19200000000001
15,11,11,11,1,114.019
11,11,15,15,1,113.98899999999999
11,15,11,15,1,113.981
11,11,15,11,11,113.959
11,15,11,11,11,113.898
15,11,11,1,11,113.89099999999999
11,11,15,1,15,113.80999999999999
15,1,15,11,1,113.73400000000001
15,1,15,1,11,113.73400000000001
15,15,1,11,1,113.71
11,15,11,1,15,113.62700000000001
11,15,15,11,1,113.611
11,15,15,1,11,113.45599999999999
15,15,1,1,11,113.449
11,11,1,15,11,113.151
11,1,11,11,15,113.148
11,1,11,15,11,113.05699999999999
15,11,1,11,1,112.98599999999999
11,1,15,11,11,112.968
11,15,1,15,1,112.966
15,1,11,11,1,112.929
11,1,15,15,1,112.888
11,1,15,1,15,112.83800000000001
15,1,11,1,11,112.83699999999999
11,11,1,11,15,112.83200000000001
11,15,1,11,11,112.795
15,11,1,1,11,112.719
11,15,1,1,15,112.45
1,11,11,15,11,112.094
1,11,11,11,15,112.028
1,11,15,11,11,111.874
1,15,11,11,11,111.83999999999999
11,1,1,15,11,111.816
1,1,15,11,15,111.74400000000001
1,1,11,15,15,111.743
1,1,15,15,11,111.741
1,15,1,15,11,111.724
11,1,1,11,15,111.653
1,11,1,15,15,111.63800000000002
15,1,1,11,1,111.622
1,15,11,15,1,111.529
15,1,1,1,11,111.46499999999999
1,15,1,11,15,111.41900000000001
1,11,15,15,1,111.33999999999999
1,15,15,11,1,111.139
1,11,15,1,15,111.11699999999999
1,15,11,1,15,110.905
1,15,15,1,11,110.847
15,11,15,1,1,110.112
15,15,11,1,1,109.984
11,11,11,15,1,109.74400000000001
11,11,11,1,15,109.435
11,11,15,11,1,109.395
11,15,11,11,1,109.36800000000001
15,11,11,1,1,109.31299999999999
11,11,15,1,11,109.23299999999999
11,15,11,1,11,109.162
11,15,15,1,1,108.851
11,11,1,15,1,108.667
11,1,15,11,1,108.41
11,1,11,1,15,108.398
11,1,11,15,1,108.379
11,15,1,11,1,108.276
11,1,15,1,11,108.246
15,11,1,1,1,108.223
15,1,11,1,1,108.21600000000001
11,11,1,1,15,108.095
11,15,1,1,11,108.06
1,11,1,15,11,107.378
11,1,1,15,1,107.363
1,1,11,11,15,107.36
1,1,15,11,11,107.321
1,1,11,15,11,107.3
1,11,11,15,1,107.13399999999999
1,15,1,11,11,107.125
11,1,1,1,15,107.114
1,11,1,11,15,107.101
1,15,11,11,1,106.901
1,11,15,11,1,106.734
1,11,11,1,15,106.692
1,11,15,1,11,106.615
1,15,11,1,11,106.43
11,15,11,1,1,104.724
11,11,15,1,1,104.719
11,1,15,1,1,103.695
11,15,1,1,1,103.569
1,1,1,15,11,102.51199999999999
1,11,1,15,1,102.425
1,1,1,11,15,102.369
1,1,11,15,1,102.261
1,15,1,11,1,102.185
1,1,11,1,15,102.047
1,1,15,11,1,102.025
1,1,15,1,11,101.978
1,11,1,1,15,101.78799999999998
1,15,1,1,11,101.676
1,15,11,1,1,101.47
1,11,15,1,1,101.43900000000001
